<?xml version="1.0" encoding="UTF-8"?>
<project-private xmlns="http://www.netbeans.org/ns/project-private/1">
    <editor-bookmarks xmlns="http://www.netbeans.org/ns/editor-bookmarks/2" lastBookmarkId="0"/>
    <open-files xmlns="http://www.netbeans.org/ns/projectui-open-files/2">
        <group>
            <file>file:/C:/Users/ASUS%20TUF/Documents/NetBeansProjects/Lab10/src/lab10/Lab8.java</file>
            <file>file:/C:/Users/ASUS%20TUF/Documents/NetBeansProjects/Lab10/src/lab10/Lab5.java</file>
            <file>file:/C:/Users/ASUS%20TUF/Documents/NetBeansProjects/Lab10/src/lab10/Lab3.java</file>
            <file>file:/C:/Users/ASUS%20TUF/Documents/NetBeansProjects/Lab10/src/lab10/Lab4.java</file>
            <file>file:/C:/Users/ASUS%20TUF/Documents/NetBeansProjects/Lab10/src/lab10/Lab7.java</file>
            <file>file:/C:/Users/ASUS%20TUF/Documents/NetBeansProjects/Lab10/src/lab10/Lab9.java</file>
            <file>file:/C:/Users/ASUS%20TUF/Documents/NetBeansProjects/Lab10/src/lab10/Lab1.java</file>
            <file>file:/C:/Users/ASUS%20TUF/Documents/NetBeansProjects/Lab10/src/lab10/Lab6.java</file>
            <file>file:/C:/Users/ASUS%20TUF/Documents/NetBeansProjects/Lab10/src/lab10/Lab2.java</file>
        </group>
    </open-files>
</project-private>
