<?xml version="1.0" encoding="UTF-8"?>
<project-private xmlns="http://www.netbeans.org/ns/project-private/1">
    <editor-bookmarks xmlns="http://www.netbeans.org/ns/editor-bookmarks/2" lastBookmarkId="0"/>
    <open-files xmlns="http://www.netbeans.org/ns/projectui-open-files/2">
        <group>
            <file>file:/C:/Users/ASUS%20TUF/Documents/NetBeansProjects/Unidad9/src/unidad9/ExceptionU9.java</file>
            <file>file:/C:/Users/ASUS%20TUF/Documents/NetBeansProjects/Unidad9/src/unidad9/Ejemplo3.java</file>
            <file>file:/C:/Users/ASUS%20TUF/Documents/NetBeansProjects/Unidad9/src/unidad9/Ejercico4.java</file>
            <file>file:/C:/Users/ASUS%20TUF/Documents/NetBeansProjects/Unidad9/src/unidad9/Ejemplo2.java</file>
            <file>file:/C:/Users/ASUS%20TUF/Documents/NetBeansProjects/Unidad9/src/unidad9/Ejemplo5.java</file>
        </group>
    </open-files>
</project-private>
